id,name,url,width,height,captions
181913649,Drake Hotline Bling,https://i.imgflip.com/30b1gx.jpg,1200,1200,1169000
87743020,Two Buttons,https://i.imgflip.com/1g8my4.jpg,600,908,941500
112126428,Distracted Boyfriend,https://i.imgflip.com/1ur9b0.jpg,1200,800,981750
131087935,Running Away Balloon,https://i.imgflip.com/261o3j.jpg,761,1024,498750
217743513,UNO Draw 25 Cards,https://i.imgflip.com/3lmzyx.jpg,500,494,516000
124822590,Left Exit 12 Off Ramp,https://i.imgflip.com/22bdq6.jpg,804,767,598250
222403160,Bernie I Am Once Again Asking For Your Support,https://i.imgflip.com/3oevdk.jpg,750,750,260000
129242436,Change My Mind,https://i.imgflip.com/24y43o.jpg,482,361,596000
135256802,Epic Handshake,https://i.imgflip.com/28j0te.jpg,900,645,197250
4087833,Waiting Skeleton,https://i.imgflip.com/2fm6x.jpg,298,403,400500
161865971,Marked Safe From,https://i.imgflip.com/2odckz.jpg,618,499,159500
438680,Batman Slapping Robin,https://i.imgflip.com/9ehk.jpg,400,387,590750
80707627,Sad Pablo Escobar,https://i.imgflip.com/1c1uej.jpg,720,709,182500
247375501,Buff Doge vs. Cheems,https://i.imgflip.com/43a45p.png,937,720,317500
131940431,Gru's Plan,https://i.imgflip.com/26jxvz.jpg,700,449,278250
252600902,Always Has Been,https://i.imgflip.com/46e43q.png,960,540,166000
97984,Disaster Girl,https://i.imgflip.com/23ls.jpg,500,375,319750
322841258,Anakin Padme 4 Panel,https://i.imgflip.com/5c7lwq.png,768,768,93500
188390779,Woman Yelling At Cat,https://i.imgflip.com/345v97.jpg,680,438,338750
309868304,Trade Offer,https://i.imgflip.com/54hjww.jpg,607,794,87000
91538330," X Everywhere",https://i.imgflip.com/1ihzfe.jpg,2118,1440,338000
178591752,Tuxedo Winnie The Pooh,https://i.imgflip.com/2ybua0.png,800,582,227250
110163934,I Bet He's Thinking About Other Women,https://i.imgflip.com/1tl71a.jpg,1654,930,129500
102156234,Mocking Spongebob,https://i.imgflip.com/1otk96.jpg,502,353,404500
93895088,Expanding Brain,https://i.imgflip.com/1jwhww.jpg,857,1202,422750
61579,One Does Not Simply,https://i.imgflip.com/1bij.jpg,568,335,440250
148909805,Monkey Puppet,https://i.imgflip.com/2gnnjh.jpg,923,768,185500
79132341,Bike Fall,https://i.imgflip.com/1b42wl.jpg,500,680,106750
124055727,Y'all Got Any More Of That,https://i.imgflip.com/21uy0f.jpg,600,471,190500
180190441,They're The Same Picture,https://i.imgflip.com/2za3u1.jpg,1363,1524,144000
101470,Ancient Aliens,https://i.imgflip.com/26am.jpg,500,437,347500
61544,Success Kid,https://i.imgflip.com/1bhk.jpg,500,500,122250
370867422,Megamind peeking,https://i.imgflip.com/64sz4u.png,540,540,70000
195515965,Clown Applying Makeup,https://i.imgflip.com/38el31.jpg,750,798,101000
27813981,Hide the Pain Harold,https://i.imgflip.com/gk5el.jpg,480,601,206500
1035805,Boardroom Meeting Suggestion,https://i.imgflip.com/m78d.jpg,500,649,371750
119139145,Blank Nut Button,https://i.imgflip.com/1yxkcp.jpg,600,446,291500
3218037,This Is Where I'd Put My Trophy If I Had One,https://i.imgflip.com/1wz1x.jpg,300,418,123000
316466202,where monkey,https://i.imgflip.com/58eyvu.png,1113,629,48750
55311130,This Is Fine,https://i.imgflip.com/wxica.jpg,580,282,117250
100777631,Is This A Pigeon,https://i.imgflip.com/1o00in.jpg,1587,1425,204000
259237855,Laughing Leo,https://i.imgflip.com/4acd7j.png,470,470,86250
28251713,Oprah You Get A,https://i.imgflip.com/gtj5t.jpg,620,465,184750
224015000,Bernie Sanders Once Again Asking,https://i.imgflip.com/3pdf2w.png,926,688,37250
284929871,They don't know,https://i.imgflip.com/4pn1an.png,671,673,35250
226297822,Panik Kalm Panik,https://i.imgflip.com/3qqcim.png,640,881,195000
177682295,You Guys are Getting Paid,https://i.imgflip.com/2xscjb.png,520,358,46500
252758727,Mother Ignoring Kid Drowning In A Pool,https://i.imgflip.com/46hhvr.jpg,782,1032,42750
247113703,A train hitting a school bus,https://i.imgflip.com/434i5j.png,920,1086,49500
89370399,Roll Safe Think About It,https://i.imgflip.com/1h7in3.jpg,702,395,307000
114585149,Inhaling Seagull,https://i.imgflip.com/1w7ygt.jpg,1269,2825,224500
99683372,Sleeping Shaq,https://i.imgflip.com/1nck6k.jpg,640,631,88250
166969924,Flex Tape,https://i.imgflip.com/2reqtg.png,510,572,57250
135678846,Who Killed Hannibal,https://i.imgflip.com/28s2gu.jpg,1280,1440,123000
427308417,0 days without (Lenny Simpsons),https://i.imgflip.com/72epa9.png,619,403,14500
21735,The Rock Driving,https://i.imgflip.com/grr.jpg,568,700,205500
221578498,Grant Gustin over grave,https://i.imgflip.com/3nx72a.png,500,475,42250
101956210,Whisper and Goosebumps,https://i.imgflip.com/1op9wy.jpg,600,600,40000
342785297,Gus Fring we are not the same,https://i.imgflip.com/5o32tt.png,700,1000,30500
134797956,American Chopper Argument,https://i.imgflip.com/2896ro.jpg,640,1800,168000
5496396,Leonardo Dicaprio Cheers,https://i.imgflip.com/39t1o.jpg,600,400,219250
371619279,Megamind no bitches,https://i.imgflip.com/65939r.jpg,674,734,21000
84341851,Evil Kermit,https://i.imgflip.com/1e7ql7.jpg,700,325,135500
77045868,Pawn Stars Best I Can Do,https://i.imgflip.com/19vcz0.jpg,624,352,35000
61520,Futurama Fry,https://i.imgflip.com/1bgw.jpg,552,414,292500
123999232,The Scroll Of Truth,https://i.imgflip.com/21tqf4.jpg,1280,1236,210500
216523697,All My Homies Hate,https://i.imgflip.com/3kwur5.jpg,680,615,44250
155067746,Surprised Pikachu,https://i.imgflip.com/2kbn1e.jpg,1893,1893,225000
119215120,Types of Headaches meme,https://i.imgflip.com/1yz6z4.jpg,483,497,49500
101288,Third World Skeptical Kid,https://i.imgflip.com/265k.jpg,426,426,169500
224514655,Anime Girl Hiding from Terminator,https://i.imgflip.com/3po4m7.jpg,581,633,39000
50421420,Disappointed Black Guy,https://i.imgflip.com/u0pf0.jpg,1172,756,52250
171305372,Soldier protecting sleeping child,https://i.imgflip.com/2tzo2k.jpg,540,440,28500
67452763,Squidward window,https://i.imgflip.com/145qvv.jpg,598,420,39250
234202281,AJ Styles & Undertaker,https://i.imgflip.com/3vfrmx.jpg,933,525,26000
61556,Grandma Finds The Internet,https://i.imgflip.com/1bhw.jpg,640,480,148500
267889046,bell curve,https://i.imgflip.com/4fhsie.png,675,499,16250
110133729,spiderman pointing at spiderman,https://i.imgflip.com/1tkjq9.jpg,800,450,48000
6235864,Finding Neverland,https://i.imgflip.com/3pnmg.jpg,423,600,150750
91998305,Drake Blank,https://i.imgflip.com/1iruch.jpg,717,717,51250
249257686,Bugs bunny communist,https://i.imgflip.com/44eggm.png,460,284,38500
29617627,Look At Me,https://i.imgflip.com/hmt3v.jpg,300,300,54000
175540452,Unsettled Tom,https://i.imgflip.com/2wifvo.jpg,680,550,146250
91545132,Trump Bill Signing,https://i.imgflip.com/1ii4oc.jpg,1866,1529,137500
61532,The Most Interesting Man In The World,https://i.imgflip.com/1bh8.jpg,550,690,209750
137501417,Friendship ended,https://i.imgflip.com/29v4rt.jpg,800,600,26500
72525473,say the line bart! simpsons,https://i.imgflip.com/176h0h.jpg,395,650,22000
187102311,Three-headed Dragon,https://i.imgflip.com/33e92f.jpg,680,544,30500
196652226,Spongebob Ight Imma Head Out,https://i.imgflip.com/392xtu.jpg,822,960,116250
162372564,Domino Effect,https://i.imgflip.com/2oo7h0.jpg,820,565,25750
142009471,is this butterfly,https://i.imgflip.com/2cjr7j.jpg,1587,1425,23750
132769734,Hard To Swallow Pills,https://i.imgflip.com/271ps6.jpg,680,979,97500
20007896,c'mon do something,https://i.imgflip.com/bwu6w.jpg,448,519,25750
478588645,Borat 2 Tonight Queen??,https://i.imgflip.com/7wxtd1.png,845,674,7250
360597639,whe i'm in a competition and my opponent is,https://i.imgflip.com/5youx3.jpg,916,900,13750
153695877,the office congratulations,https://i.imgflip.com/2ji8hx.jpg,521,496,22000
129315248,No - Yes,https://i.imgflip.com/24zoa8.jpg,429,343,21250
206151308,Spider Man Triple,https://i.imgflip.com/3eqjd8.jpg,600,551,21250
145139900,Scooby doo mask reveal,https://i.imgflip.com/2eeunw.jpg,720,960,20250
232844223,Soyboy Vs Yes Chad,https://i.imgflip.com/3umnr3.jpg,1435,978,25000
